# ESP32-P4 Custom Partition Table | Total Flash: 16 MB
# ==============================================================================
# Name,      Type,  SubType, Offset,    Size,      Flags
# ----------|------|---------|----------|----------|-------
# nvs        data   nvs      0x9000     0x20000   128KB - Wi-Fi/BT NVS storage
# arm_nvs    data   nvs      0x29000    0x10000   64KB  - Arm servo calibration
# phy_init   data   phy      0x39000    0x1000    4KB   - PHY init data
# [gap 0x3A000-0x3FFFF for 64KB alignment]
# ota_0      app    ota_0    0x40000    0x800000  8MB   - Main application
# storage    data   fat      0x840000   0x600000  6MB   - FAT filesystem
# ==============================================================================

# Name,      Type,  SubType, Offset,    Size,      Flags
nvs,         data,  nvs,     0x9000,    0x20000,
arm_nvs,     data,  nvs,     0x29000,   0x10000,
phy_init,    data,  phy,     0x39000,   0x1000,
ota_0,       app,   ota_0,   0x40000,   0x800000,
storage,     data,  fat,     0x840000,  0x600000,
